content,label
"Kremlin signals no Ukraine breakthrough after Putin talks with US Five hours of talks between Putin and US negotiators were “constructive”, Kremlin officials say, but “a lot of work lies ahead”.",real
"Ukrainians in war-ravaged Donbas weigh prospects of peace deal While many Ukrainians believe they have sacrificed too much for their country to lose territory to Russia, others are desperate for the war to end.",real
"Government legal and staffing costs adds £100m to Covid inquiry bill, BBC learns BBC analysis shows cost to taxpayer is 50% higher than thought, with inquiry's own costs at £192m.",real
"'Carspreading' is on the rise - and not everyone is happy about it In the UK and across Europe, cars are becoming longer, wider and heavier.",real
MPs warn China spy trial failures could happen again A damning report finds a “shambolic” system could lead to future espionage cases being dropped.,real
Crisis looms in Israel over ultra-Orthodox conscription bill Lawmakers are considering a draft bill to end the exemption granted to ultra-Orthodox men enrolled in full-time religious study.,real
"Catherine sends Christmas message of love in 'uncertain times' The Princess of Wales hails the importance of ""time, care and compassion"" given to others, ahead of her carol concert.",real
"Higher proportion of patients in England now contacting GPs online, figures show All NHS practices were required by the government to provide web bookings from October.",real
Italian luxury giant Prada buys Versace – at a discount The $1.38bn (£1.04bn) deal between the two Italian fashion giants is well below the roughly $2bn Versace was sold for in 2018.,real
"Trump says he doesn't want Somalis in US as ICE plans Minnesota operation The president says the US will ""go the wrong way if we keep taking in garbage into our country"".",real
"Man charged with theft over claims he swallowed $19k Fabergé egg The egg, which is set with 60 white diamonds and 15 blue sapphires, has not yet been recovered.",real
"Reform politician's racist Chinese slur 'caused a lot of hurt' Members of Wales' Chinese community say seeing a politician use a racist slur is ""very upsetting"".",real
Cyclone catastrophe in Sri Lanka awakens volunteer spirit Fishing boats deliver relief supplies to flooded suburbs as community kitchens churn out food aid.,real
"Strangled, beaten and enslaved by my in-laws ""Sara"" was told if she left the house, she would be attacked and raped by British people.",real
The Papers: 'No justice' over Hillsborough and 'Holly's guilt over crash' Wednesday's front pages focus on the Hillsborough disaster report and the fine given to TV presenter Holly Willoughby for driving without due care.,real
"As lead changes in knife-edge Honduran election, will Trump fail to get his way? Former vice-president Salvador Nasralla has a small lead over his rival, the conservative former mayor of Tegucigalpa, Nasry Asfura.",real
Why is Trump threatening Venezuela's Maduro? We look at what is behind the deployment of a large US military force to within striking distance of Venezuela.,real
Airbus to inspect some planes over 'quality issue' with panels The announcement comes days after a massive recall affecting thousands of the firm's A320 fleet.,real
Watch: Driver hoisted to safety from truck dangling over West Virginia bridge A man was hoisted to safety and uninjured after his truck partly skated off an icy bridge road in the US,real
Search for long-missing Malaysia Airlines flight MH370 to resume The Boeing 777 with 239 people on board vanished in 2014 in one of the greatest aviation mysteries.,real
"Trans girls can no longer join Girlguiding, organisation says Girlguiding says the move is in response to the Supreme Court ruling that said sex meant biological sex in equality law.",real
"Presenter Woods 'OK' after collapsing on TV Presenter Laura Woods says she is ""OK"" after collapsing while leading television coverage of England's friendly against Ghana on Tuesday.",real
"Chinese mega embassy could bring security advantages, says No 10 Some believe China's mega-embassy could be a hub for espionage in the heart of London.",real
"Army fixing 6,000 support trucks grounded over safety issues Defence Minister Luke Pollard tells MPs fixing safety issues when they are reported is standard practice.",real
"BBC News app Top stories, breaking news, live reporting, and follow news topics that match your interests",real
The Jury’s (Kind Of) Out Jury trials scrapped for crimes with sentences of less than three years.,real
Americanswers… On 5 Live! Why has the US been accused of war crimes off the Venezuelan coast? Secretary of War Pete Hegseth has called the claims “fake news”,fake
Preview Julia Donaldson's joyful tale of love Two devoted scarecrows plan the perfect wedding – until a rival threatens everything,real
"Ridley Scott's masterful epic of betrayal and vengeance Maximus Decimus Meridius, favoured general of the Roman emperor, is betrayed and enslaved.",real
"Your first look at Guz Khan's new comedy, landing this Christmas The Farooqi family have a chaotic Christmas in Lapland after a surprise bonus for Dad.",real
"Racism, rape and death threats: One weekend of abuse in football More than 2,000 extremely abusive social media posts were sent about managers and players in the Premier League and Women's Super League in a single weekend, a BBC investigation finds.",real
Chaos at the Cottage - can Man City fix defensive issues? Manchester City just about hold on as Fulham fight back from 5-1 down to 5-4 - no wonder Pep Guardiola is concerned by his team's leaky defence.,real
"'As if she won Champions League' - Kendall's special night for England Lucia Kendall's night could not have felt more special and England boss Sarina Wiegman said her goal celebration was ""like winning the Champions League"".",real
"Newcastle penalty 'absolute VAR mistake' - Frank Thomas Frank says awarding Newcastle a penalty after a holding incident between Dan Burn and Rodrigo Bentancur was an ""absolute mistake"" by VAR.",real
"Serena Williams says no comeback, despite filing paperwork Serena Williams files the necessary paperwork for a return to tennis - but then denies she is returning to the sport.",real
Eleven and hell - the cost of Newcastle's dropped points Newcastle United have dropped more points from winning positions than any other side in the Premier League this season - the tally now stands at 11 after Tuesday's 2-2 draw with Tottenham.,real
Man City hold off incredible Fulham fightback as Haaland passes milestone Erling Haaland becomes the quickest player to reach 100 goals in Premier League history as Manchester City ramp up pressure on leaders Arsenal by fending off Fulham's impressive fightback in a nine-goal thriller.,real
Maduro Faces His Ultimate Fight as Trump Threatens Military Action in Venezuela President Trump’s threat of military action has confronted President Nicolás Maduro of Venezuela with the gravest challenge of his crisis-ridden reign.,real
In Photos and Video: Devastating Floods Swamp Parts of Asia Images of the destruction caused by storms that have torn through South and Southeast Asia.,real
Thousands Greet Pope Leo as He Prays Near Site of Beirut Port Blast A waterfront Mass in the Lebanese capital capped the pope’s three-day visit to the Middle Eastern nation with the largest proportion of Christians.,real
Marcos vs. Marcos: The New Front in Philippine Politics President Ferdinand R. Marcos Jr. is under fire for an enormous graft scandal that is unfolding under his watch. One prominent voice is his sister Senator Imee Marcos.,real
"Putin and Witkoff Meet in Russia as U.S. Pushes Ukraine Deal The two sides did not reach any specific compromises, an aide to President Vladimir V. Putin said, as the United States pushes a plan to end the war in Ukraine.",real
"The Philippines Spent Big on Flood Control, but the Water Keeps Rising Many Filipinos say floods are worse than ever — and now, the government has admitted that vast sums were embezzled from a program meant to fight the problem.",real
"Floods in Indonesia, Sri Lanka, Thailand and Vietnam Have Killed Over 1,200. Here’s What to Know. Unusually destructive storms have killed at least 1,350 people across the region and displaced millions in South and Southeast Asia.",real
"China, Evoking World War II, Urges Europe to Take Its Side Against Japan A diplomatic row with Japan over Taiwan has China turning to Britain and France for support, appealing to their shared history as wartime allies.",real
"Trump Alleges Fraud, Without Evidence, in Honduras Election Honduras was on edge after tallies showed two candidates separated by about 500 votes. Then President Trump claimed that officials were rigging results.",real
Outdoor Concerts? Uncovered Hair? Shimmying in Public? Is This Iran? Young people across Iran have been leading a dramatic change in social mores in recent months. “We have a fearless young generation that is breaking taboos.”,real
"Hong Kong Contractors Used Unsafe Netting at Fire Site, Officials Say Investigators say contractors wrapped the buildings in substandard scaffolding netting and then sought to hide it from inspectors. The toll from the fire rose to 151.",real
"Right to Jury Trial in England and Wales to Be Restricted in Some Cases The British justice secretary, David Lammy, announced the contentious move on Tuesday as part of an attempt to tackle a yearslong backlog in the courts.",real
"Netanyahu’s Pardon Request Borrows From Trump’s Playbook In many ways, Prime Minister Benjamin Netanyahu’s request mimics how President Trump has assailed his perceived enemies and attacked legal proceedings against him.",real
"South Korea Says the U.S. Agreed to Help It Secure Fuel for Reactors President Lee Jae Myung reaffirmed wanting to build nuclear-powered submarines at home, despite President Trump’s suggestion that they be built in the United States.",real
A Question Circling Sydney’s Beaches: Do We Still Need Shark Nets? Critics say the nets harm marine life and aren’t the best way to keep swimmers safe. Recent shark attacks have complicated a plan to remove some of them.,real
"U.N. Security Council to Visit Syria and Lebanon at ‘Crucial’ Time for the Countries The trip comes days before the anniversary of the fall of Bashar al-Assad, and as Lebanon is navigating the cease-fire between Hezbollah and Israel.",real
"Our Top Editor Answers Questions Joe Kahn, The New York Times’s executive editor, was asked about how we cover the news and make judgment calls in our reporting and editing.",real
"Reckoning With a New Era of Deadly Floods The floods and landslides that have killed more than 1,350 people in recent weeks are a grim reminder of the risks of a warming planet.",real
"Whoops, the New Skating Rink Is Encroaching on Luciano Pavarotti “Nessun Dorma?” More like “Ice, Ice Baby,” as a statue in Italy is overshadowed.",real
Sharks and Rays Gain Sweeping Protections from Wildlife Trade A global treaty has extended trade protections to more than 70 shark and ray species whose numbers are in sharp decline.,real
"120,000 Home Cameras Were Hacked for Sexual Videos, South Korean Police Say The authorities arrested four people this week in the latest turn in the country’s effort to stop exploitative recordings.",real
"Son of El Chapo Pleads Guilty to Kidnapping Father’s Former Cartel Partner Joaquín Guzmán López admitted to having the once-untouchable drug kingpin Ismael Zambada García abducted and flown to the United States, among a sweeping set of other crimes.",real
An Anti-Polarization Pope What Pope Leo’s first international trip tells us about the leader of the Catholic Church.,real
"Trump Becomes the Wild Card in Razor-Thin Honduras Election President Trump warned that if his favored candidate didn’t win, the United States would “not be throwing good money after bad” at the country.",real
"Zelensky Turns to Europe After Talks With U.S. Officials Ukraine’s president met with President Emmanuel Macron of France on Monday as Steve Witkoff, President Trump’s special envoy, was traveling to Russia.",real
"What Jamaica Wants After Deadly Hurricane? Visit Us, Island Says. Tourism accounts for nearly a third of Jamaica’s economy, so officials are rushing to reopen dozens of hotels in time to salvage the vital winter travel season.",real
"Why Is Budapest, the ‘City of Baths,’ Running Out of Bathhouses? In Budapest, political disputes and aging infrastructure have led to cascading problems, and prolonged closings, at several of the city’s beloved baths.",real
Sri Lanka Declares ‘Largest’ Disaster as Cyclone Death Toll Rises to 355 The country’s president said the nationwide flooding after the storm hit last week was the most challenging natural disaster in the island nation’s history.,real
"College Student Is Deported During Trip Home for Thanksgiving Any Lucia López Belloza, 19, was detained by immigration agents at the Boston airport before a flight to surprise her family in Texas for Thanksgiving. She is now in Honduras.",real
‘Imperial Israel’ in the New Middle East A series of attacks show how Israel has expanded its reach in the region.,real
"Pope Leo Calls for a Two-State Solution in Mideast Conflict The pope, arriving in Lebanon, also encouraged that country’s Christians to stay where they are, despite economic, political and security concerns.",real
"Hong Kong’s Migrant Domestic Workers Mourn Their Losses in Deadly Fire At least eight workers died, and many of those who survived, after saving children and others in their care, are worried about losing their jobs and being forced to leave.",real
Netanyahu Asks Israel’s President to Pardon Him in Corruption Cases Prime Minister Benjamin Netanyahu made the contentious appeal weeks after President Trump had made the same request to the Israeli president.,real
Deadly Floods in Indonesia Leave Hundreds Missing Hundreds of people have been killed and millions displaced as extreme weather has ravaged Southeast Asia this month. Indonesia’s heavy rain was linked to two tropical cyclones.,real
"India Is a Rising Power, but Breathing in Its Capital Is Hazardous With little being done to clean the skies over New Delhi, the huge city struggles with toxic air.",real
Lebanon’s Christians Look to Pope Leo’s Visit for a Message of Hope and Peace The pontiff met political leaders upon his arrival on Sunday and will later say Mass at a Beirut port destroyed by an explosion five years ago.,real
Trump-Endorsed Candidate and Sportscaster Lead Honduran Presidential Race Electoral authorities said partial results showed the two conservative candidates were virtually tied — and far ahead of the governing left-wing party.,real
"Fed Up With the Taliban, Pakistan Expels Masses of Afghans Labeling Afghans a national security threat, Pakistan has intensified expulsions this year, depriving people of a haven from Afghanistan’s turmoil.",real
"The Ex-President Whom Trump Plans to Pardon Flooded America With Cocaine Juan Orlando Hernández, whom Mr. Trump called a victim of persecution, helped orchestrate a decades-long trafficking conspiracy. It ravaged his Central American country.",real
"Top Trump Aides to Meet With Ukrainians in Florida on Sunday Secretary of State Marco Rubio, Steve Witkoff and Jared Kushner plan to discuss peace terms again after an uproar over a 28-point proposal drafted with Russian input.",real
"Gazans Say Israeli Forces Killed Two Children, Amid Persistent Violence The Israeli military said it had fired on two “suspects” on Saturday who had crossed cease-fire lines in southern Gaza and did not comment on reports that they were young children.",real
Mourners Honor Victims of Hong Kong Apartment Fire The police said they expected the death toll of 128 to rise as the authorities began combing through the charred apartment towers.,real
"Did Pope Leo Pray in Istanbul’s Blue Mosque? Not Visibly, at Least. Leo XIV is being closely watched on an inaugural trip to Turkey and Lebanon to spread a message of peace and outreach.",real
"Highlight Reel As the year comes to a close, we want to know your highly specific, idiosyncratic bests of 2025.",real
Fresh Reporting on Asylum Seekers at the U.S.-Canadian Border Canada has made its border with the United States tougher to cross. Here’s what we learned through monthlong reporting on a single case.,real
"In Firing His No. 2, Zelensky Loses Both a Negotiator and an Enforcer Andriy Yermak had ensured internal discipline in Ukraine’s wartime politics. He also led the country’s peace negotiations, which now must go on without him.",real
Latin American Leaders Face Both Trump and Voters Deported by the U.S. The upcoming election in Honduras shows how politicians must balance cooperation with the Trump administration with their obligation to undocumented citizens in the United States who may be deported.,real
"Israeli Hostage Recounts Beatings and Starvation During Hamas Captivity Segev Kalfon said he endured physical abuse and mind games during 738 days in the hands of Hamas. Now, he asks why it took so long for Israel to bring him home.",real
"The Ukrainians Stuck in Russia’s New Gulag Even if a peace can be reached, it won’t be easy to solve the problem of Ukrainian civilians languishing in Russian jails. This is one prisoner’s story.",real
"Syria Tiptoes Toward Transitional Justice One Year After Assad’s Ouster Fourteen people are on trial, charged with crimes related to an outbreak of sectarian violence under the new government. The abuses of the old Assad regime still await a reckoning.",real
Russia Bombards Ukraine for Nearly 10 Hours in a Deadly Assault The attack came as U.S. officials were expected to hold peace talks with Ukrainian and Russian officials in the coming days.,real
"As Cyclone Deaths Pass 150, Sri Lanka Is Overwhelmed by Rescue Demand Rescue efforts across the nation of 23 million have been hampered by disruptions in transport and telecommunications.",real
"Trump calls Somali immigrants ‘garbage’ as US reportedly targets Minnesota community <p>US president’s xenophobic rant comes amid reports of ramped-up deportation efforts in Ilhan Omar’s district</p><p><a href=""https://www.theguardian.com/us-news/donaldtrump"">Donald Trump</a> on Tuesday called Somali immigrants “garbage” and said they should be sent back home in a rant that came as the administration is reportedly increasing immigration enforcement against undocumented Somalis in Minnesota.</p><p>In a xenophobic rant during a cabinet meeting, Trump went off on Somalis and Ilhan Omar, the congressional representative who is from Somalia and is a US citizen. He said Somalia “stinks” and is “no good for a reason”.</p> <a href=""https://www.theguardian.com/us-news/2025/dec/02/trump-somali-immigrants-minnesota"">Continue reading...</a>",real
"Five South Africans in court over alleged recruitment for Russia’s war in Ukraine <p>Suspects arrested after tipoff over accusation that 17 South Africans were tricked on to frontlines of the conflict</p><p>Five South Africans have appeared in court on charges relating to recruitment and fighting for Russia in its war with Ukraine, amid allegations that 17 South Africans had been tricked on to the frontlines of the conflict.</p><p>A female suspect was arrested on Thursday on her return to South Africa at OR Tambo international airport outside Johannesburg, police said. Three suspects were arrested at the airport on Friday and another on Saturday.</p> <a href=""https://www.theguardian.com/world/2025/dec/01/south-africans-court-alleged-recruitment-russia-war-ukraine"">Continue reading...</a>",real
"Aid cuts have shaken HIV/Aids care to its core – and will mean millions more infections ahead <p>Reports highlight devastating impact of slashed funding, especially in parts of Africa, that could lead to 3.3m new HIV infections by 2030</p><p>In Mozambique, a teenage rape victim sought care at a health clinic only to find it closed. In Zimbabwe, Aids-related deaths have risen for the first time in five years. In Ethiopia and the Democratic Republic of the Congo (DRC), patients with suspected HIV went undiagnosed due to test-kit stocks running out.</p><p>Stories of the devastating impact of US, British and wider European aid cuts on the fight against HIV – particularly in sub-Saharan Africa – continue to mount as 2025 comes to an end, and are set out in a series of reports released in the past week.</p> <a href=""https://www.theguardian.com/global-development/2025/dec/01/global-health-hiv-aids-funding-cuts-infections-prevention"">Continue reading...</a>",real
"African leaders push for recognition of colonial crimes and reparations <p>Algerian foreign minister says African countries and peoples continue to pay a heavy price for colonialism</p><p>African leaders are pushing to have colonial-era crimes recognised, criminalised and addressed through reparations.</p><p>At a conference in the Algerian capital, Algiers, diplomats and leaders convened to advance an African Union resolution passed at a meeting earlier this year calling for justice and reparations for victims of colonialism.</p> <a href=""https://www.theguardian.com/world/2025/nov/30/african-leaders-push-for-recognition-of-colonial-crimes-and-reparations"">Continue reading...</a>",real
"Jacob Zuma’s daughter resigns amid claims South Africans tricked to fight for Russia <p>Duduzile Zuma-Sambudla quits as MP after being accused of recruiting 17 men who are trapped in war-torn Ukraine</p><p>A daughter of the former South African president Jacob Zuma has resigned as an MP, after being accused of tricking 17 South African men into fighting for Russia in Ukraine by telling them they were travelling to Russia to train as bodyguards for the Zumas’ uMkhonto weSizwe (MK) party.</p><p>Duduzile Zuma-Sambudla, 43, the most visible and active in politics of her siblings, volunteered to resign and step back from public roles while cooperating with a police investigation and working to bring the men home, the MK chair, Nkosinathi Nhleko, said at a <a href=""https://www.youtube.com/live/GTFwUyKTFD8"">press conference</a> in Durban.</p> <a href=""https://www.theguardian.com/world/2025/nov/28/jacob-zuma-daughter-resigns-claims-south-africans-tricked-fight-russia"">Continue reading...</a>",real
"Pete Hegseth says he ‘didn’t stick around’ to watch second strike on alleged drug boat as Democrats slam administration over attacks – as it happened <p>Defense secretary says he ‘moved on to my next meeting’ as sensitive military operation was under way; top Democrat calls Hegseth ‘spineless’ and ‘a national embarrassment’. This blog is now closed.</p><ul><li><p><a href=""https://www.theguardian.com/us-news/2025/dec/02/us-admiral-to-brief-lawmakers-as-bipartisan-scrutiny-grows-over-boat-strike"">White House ‘selling out’ admiral to shield Hegseth over strikes, officials say</a></p></li><li><p><a href=""https://www.theguardian.com/us-news/2025/dec/02/trump-threatens-strikes-drugs-venezuela"">Trump threatens strikes on any country he claims makes drugs for US</a></p></li></ul><p><em>Joseph Gedeon is a politics breaking news reporter based in Washington</em></p><p>The <a href=""https://www.theguardian.com/us-news/fbi"">FBI</a> director, <strong>Kash Patel</strong>, is “in over his head” and leading a “chronically under-performing” agency paralyzed by fear and plummeting morale, according to a scathing 115-page report compiled by a national alliance of retired and active-duty FBI special agents and analysts.</p> <a href=""https://www.theguardian.com/us-news/live/2025/dec/02/donald-trump-pete-hegseth-boat-venezuela-maduro-tennessee-us-politics-live-news-updates"">Continue reading...</a>",real
"Trump frees ex-Honduran president from prison as country awaits knife-edge election result <p>Release of convicted cocaine trafficker Juan Orlando Hernández is latest US interference in election and comes despite Trump’s apparent ‘war on drugs’</p><ul><li><p><a href=""https://www.theguardian.com/us-news/2025/dec/01/trump-pardon-juan-orlando-hernandez-honduras-former-president"">Analysis: Trump’s pardon of Honduras’s ex-president shows counter-drug effort is ‘based on lies and hypocrisy’</a></p></li></ul><p>A former president of Honduras who was convicted of drug trafficking has walked free from a US prison after receiving a pardon from Donald Trump, as the country’s presidential election remained on a knife edge with the US-backed candidate leading by 515 votes.</p><p>Juan Orlando Hernández, who was sentenced to 45 years in prison for allegedly creating “a cocaine superhighway to the United States”, was released from a West Virginia prison after Trump’s intervention, Hernández’s wife confirmed on Tuesday.</p> <a href=""https://www.theguardian.com/world/2025/dec/02/trump-intervention-honduras-presidential-vote-count-stalls-nasry-asfura"">Continue reading...</a>",real
"Publisher condemns ‘violent’ use of Franklin the Turtle after Hegseth’s boat strike post <p>US defense secretary posted meme depicting beloved children’s character aiming rocket launcher at set of boats</p><ul><li><p><a href=""https://www.theguardian.com/us-news/2025/dec/02/hegseth-us-soldiers-iraq-rules-engagement"">Pete Hegseth told US soldiers in Iraq to ignore legal advice on rules of engagement</a></p></li></ul><p>A post on social media by US defense secretary <a href=""https://www.theguardian.com/us-news/pete-hegseth"">Pete Hegseth</a>, depicting a beloved children’s character aiming a rocket launcher at a cluster of boats, has elicited condemnation from the book’s Canadian publisher.</p><p>Hegseth’s post of the mocked cover of a Franklin the Turtle book titled Franklin Targets Narco Terrorists prompted disbelief and outrage. The image shows a smiling anthropomorphic turtle in military helmet and vest, with a US flag on his arm and a drug-laden boat exploding in the background. “For your Christmas wish list,” Hegseth wrote as the caption.</p> <a href=""https://www.theguardian.com/us-news/2025/dec/02/pete-hegseth-franklin-the-turtle"">Continue reading...</a>",real
"Revealed: Mexico’s industrial boomtown is making goods for the US. Residents say they’re ‘breathing poison’ <p>Polluting facilities in Monterrey, which has close ties to the US, are pumping toxic heavy metals into the city’s air and threatening residents’ health</p><ul><li><p><a href=""http://quintoelab.org/project/identifican-industrias-emisiones-contaminantes-monterrey""><em>Leer en español </em></a><em>en Quinto Elemento Lab</em></p></li></ul><p>An industrial boom in a US manufacturing hub in Mexico is contributing to a massive air pollution crisis that is threatening residents’ health, according to new research by the Guardian and Quinto Elemento Lab.</p><p>The polluting facilities in Monterrey include factories that are operated by companies from around the world – including the US, Europe, Asia and Mexico – but export largely to the US.</p> <a href=""https://www.theguardian.com/us-news/2025/dec/02/monterrey-mexico-air-quality-industrial-pollution"">Continue reading...</a>",real
"St Lucia prime minister Philip Pierre keeps majority as ruling party wins <p>Labour party holds at least 13 seats after campaign centered on crime, economy and passport sales</p><p>St Lucia Labour party (SLP) of the prime minister, Philip Pierre, has held its legislative majority, putting Pierre on course for re-election after <a href=""https://www.theguardian.com/world/2025/dec/01/st-lucia-votes-election-economy-crime-passport-sales"">a campaign centered on economic management, violent crime and passport sales.</a></p><p>Official election results on Tuesday showed the social democratic SLP winning at least 13 seats in the small Caribbean island’s 17-seat House of Assembly, matching its current majority with two seats left to be called. The results showed Pierre with 57.1% of the popular vote against the conservative opposition leader Allen Chastanet’s 37.3%.</p> <a href=""https://www.theguardian.com/world/2025/dec/02/st-lucia-election-prime-minister-philip-pierre-wins"">Continue reading...</a>",real
"Search for Malaysia Airlines flight MH370 to resume more than 11 years after plane went missing <p>The country’s transport ministry said the search would resume on 30 December and confirmed that US robotic company Ocean Infinity would take part </p><p>The search for the missing Malaysia Airlines flight MH370 will resume this month, the Malaysian transport ministry has said, more than a decade after the plane disappeared in one of <a href=""https://www.theguardian.com/world/2024/mar/06/mh370-anniversary-10-years-malaysia-airlines-flight-plane-search-mystery-unsolved"">aviation’s greatest mysteries</a>.</p><p>In a statement on Wednesday, the transport ministry confirmed the search would resume on 30 December, saying that US-based robotic company Ocean Infinity would recommence a search of the seabed over a period of 55 days, conducted intermittently.</p> <a href=""https://www.theguardian.com/world/2025/dec/03/search-for-malaysia-airline-flight-mh370-to-resume-over-11-years-after-plane-went-missing"">Continue reading...</a>",real
"UK government delays decision on China’s super-embassy until January <p>New date to approve site near Tower Bridge in London aligns with Keir Starmer’s planned visit to Beijing</p><p>The government has delayed its decision on whether to approve <a href=""https://www.theguardian.com/world/2025/oct/04/china-mega-embassy-dilemma-starmer"">China’s super-embassy</a> in London until January, when Keir Starmer is expected to visit Beijing.</p><p>Ministers are expected to greenlight the controversial plans after formal submissions by the Home Office and Foreign Office raised no objections on security grounds.</p> <a href=""https://www.theguardian.com/world/2025/dec/02/uk-government-delays-china-super-embassy-january"">Continue reading...</a>",real
"Handling of China spying case was ‘shambolic’, security committee concludes <p>Report says ‘systemic failures’ led to collapse of trial, but found no evidence of UK government interference </p><p>Parliament’s security committee has criticised prosecutors for <a href=""https://www.theguardian.com/world/2025/oct/07/china-spies-case-was-dropped-after-government-failed-to-provide-evidence-of-beijing-threat"">pulling their charges against two men</a> accused of spying for Beijing, in a damning report that concluded the handling of the case was “shambolic”.</p><p>MPs said that a process “beset by confusion and misaligned expectations” and “inadequate” communication between the government and Crown Prosecution Service (CPS) had contributed to the collapse of the trial, while several “opportunities to correct course were missed”.</p><p>It was “unclear” why the CPS had concluded that a July 2024 ruling concerning a Bulgarian spy ring “altered the legal landscape so significantly” that they had to change their approach.</p><p>It was “surprised” the CPS had deemed the government’s evidence insufficient to put to a jury when it had set out how China “posed a range of threats to the United Kingdom’s national security” that “amounted to a more general active threat”.</p><p>The government “did not have sufficiently clear processes for escalating issues where there was a lack of clarity” and “the level of senior oversight” from cabinet ministers and national security advisers “was insufficiently robust”.</p> <a href=""https://www.theguardian.com/world/2025/dec/03/uk-china-spying-case-collapse-security-committee-report"">Continue reading...</a>",real
"Global heating and other human activity are making Asia’s floods more lethal <p>Much improved response systems are struggling to cope with ever more powerful and destructive storms</p><ul><li><p><a href=""https://www.theguardian.com/world/2025/dec/02/indonesia-floods-one-million-people-evacuated-death-toll-rises"">Death toll from Indonesia floods passes 700 as 1 million evacuated</a></p></li></ul><p>Families stranded on their rooftops. Homes buried by fast-flowing mud. Jagged brown craters scarring lush green hillsides.</p><p>The scenes are the result of a series of cyclones and storms in a heavy monsoon season that have struck Asia with torrential rains, gutting essential infrastructure and reshaping landscapes. The violent weather has killed at least 1,200 people in the past week and forced a million to flee without knowing whether their homes will still be standing when they go back.</p> <a href=""https://www.theguardian.com/world/2025/dec/02/global-heating-and-other-human-activity-are-making-asias-floods-more-lethal"">Continue reading...</a>",real
"British women stranded by landslides in Sri Lankan mountains running out of food and water, daughter says <p>Friends Melanie Watters and Janine Reid have been trapped in Pussellawa since Thursday</p><p>Two British women stranded by landslides in Sri Lanka’s tea mountains are running out of food and water, the daughter of one of them has said, as officials reported that the death toll of Cyclone Ditwah has reached 465.</p><p>Melanie Watters, 54, and her friend Janine Reid, 55, both from London, were being driven through the mountains from Kandy in central Sri Lanka on Thursday when the road in front of them was swamped, sending a bus nearby over a cliff-edge.</p> <a href=""https://www.theguardian.com/world/2025/dec/02/british-women-stranded-by-landslides-in-sri-lankan-mountains-running-out-of-food-and-water-daughter-says"">Continue reading...</a>",real
"‘Addiction to secrecy’: opposition and crossbench slam Labor’s ‘undemocratic’ changes to FoI – including charging fees <p>The proposed changes, which the government claims are needed to combat AI-generated requests, would also reduce what documents can be released</p><ul><li><p>Get our <a href=""https://www.theguardian.com/email-newsletters?CMP=cvau_sfl"">breaking news email</a>, <a href=""https://app.adjust.com/w4u7jx3"">free app</a> or <a href=""https://www.theguardian.com/australia-news/series/full-story?CMP=cvau_sfl"">daily news podcast</a></p></li></ul><p>The Albanese government’s proposal to introduce fees for freedom of information requests and reduce what documents can be released has been widely slammed by opposition and crossbench senators as “undemocratic” and evidence of Labor’s “addiction to secrecy”.</p><p>The Labor-chaired Senate inquiry released its report on Wednesday recommending the bill be passed but the Coalition, the Greens, and senators David Pocock and Jacqui Lambie all submitted their own reports condemning the plans.</p> <a href=""https://www.theguardian.com/australia-news/2025/dec/03/addiction-to-secrecy-opposition-and-crossbench-slam-labors-undemocratic-changes-to-foi-including-charging-fees"">Continue reading...</a>",real
"Gallagher says public service ‘roughly the right size’ – as it happened <p>Follow today’s news live</p><ul><li><p><a href=""https://www.theguardian.com/australia-news/2025/dec/03/bruce-lehrmann-appeal-defamation-case-network-ten-lisa-wilkinson-ntwnfb"">Bruce Lehrmann knew Brittany Higgins didn’t consent, federal court rules as it dismisses defamation appeal</a></p></li><li><p>Get our <a href=""https://www.theguardian.com/email-newsletters?CMP=cvau_sfl"">breaking news email</a>, <a href=""https://app.adjust.com/w4u7jx3"">free app</a> or <a href=""https://www.theguardian.com/australia-news/series/full-story?CMP=cvau_sfl"">daily news podcast</a></p></li></ul><p><strong>More on the eSafety commissioner’s letter to a US lawmaker</strong></p><p><strong>Julie Inman Grant</strong> told senators that Australians expect companies providing services into Australia to abide by Australian laws. She also pointed out that since the <a href=""https://www.theguardian.com/technology/article/2024/jun/05/x-elon-musk-vs-australia-esafety-commissioner-wakeley-church-stabbing-footage"">Wakeley church stabbing case</a> that X challenged in the court and eSafety ended up dropping, the agency had accepted geo-blocking Australian users from seeing the posts as compliance with Australian law.</p><p>So the conclusion is nothing that we do here with the Online Safety Act affects anything that an American platform will serve to Americans. So no, it does not impinge upon Americans’ freedom of speech.</p><p>I am just in the process of sending that to the chairman right now. I think out of respect for him – when he sent me his letter, he sent it concurrently, it appears, to Sky News – I prefer to send it official to official.</p> <a href=""https://www.theguardian.com/australia-news/live/2025/dec/03/australia-news-live-bruce-lehrmann-defamation-appeal-brittany-higgins-lisa-wilkinson-network-ten-senate-estimates-social-media-ban-esafety-commissioner-albanese-sussan-ley-labor-coalition-nsw-vic-qld-ntwnfb"">Continue reading...</a>",real
"High court overturns NT housing policy which tripled rent in some remote Indigenous communities <p>Rental changes were introduced in Northern Territory without giving notice to tenants, which the court unanimously ruled was a denial of procedural fairness</p><ul><li><p><a href=""https://www.theguardian.com/australia-news/live/2025/dec/03/australia-news-live-bruce-lehrmann-defamation-appeal-brittany-higgins-lisa-wilkinson-network-ten-senate-estimates-social-media-ban-esafety-commissioner-albanese-sussan-ley-labor-coalition-nsw-vic-qld-ntwnfb"">Follow our Australia news live blog for latest updates</a></p></li><li><p>Get our <a href=""https://www.theguardian.com/email-newsletters?CMP=cvau_sfl"">breaking news email</a>, <a href=""https://app.adjust.com/w4u7jx3"">free app</a> or <a href=""https://www.theguardian.com/australia-news/series/full-story?CMP=cvau_sfl"">daily news podcast</a></p></li></ul><p>A public housing policy which saw tenants in the Northern Territory charged a flat rental rate based on the number of bedrooms in their home has been ruled unlawful by the high court, after a three-year challenge brought by residents from two remote Indigenous communities.</p><p>The Remote Rental Framework, introduced in stages by the NT government between December 2021 and February 2023, raised rent by up to 200% for two-thirds of Aboriginal tenants living in remote communities in the NT, with more than 5,300 homes affected.</p> <a href=""https://www.theguardian.com/australia-news/2025/dec/03/australia-high-court-overturns-housing-policy-which-tripled-rent-in-some-remote-indigenous-communities"">Continue reading...</a>",real
"YouTube says it will comply with Australia’s under-16s social media ban, with Lemon8 to also restrict access <p>Australia’s under-16s social media ban might take weeks to work but all platforms are on notice, government says</p><ul><li><p><a href=""https://www.theguardian.com/australia-news/live/2025/dec/03/australia-news-live-bruce-lehrmann-defamation-appeal-brittany-higgins-lisa-wilkinson-network-ten-senate-estimates-social-media-ban-esafety-commissioner-albanese-sussan-ley-labor-coalition-nsw-vic-qld-ntwnfb"">Follow our Australia news live blog for latest updates</a></p></li><li><p>Get our <a href=""https://www.theguardian.com/email-newsletters?CMP=cvau_sfl"">breaking news email</a>, <a href=""https://app.adjust.com/w4u7jx3"">free app</a> or <a href=""https://www.theguardian.com/australia-news/series/full-story?CMP=cvau_sfl"">daily news podcast</a></p></li></ul><p>YouTube will comply with the federal government’s under-16s social media ban, but its parent company Google has warned the laws “won’t keep teens safer online” and “fundamentally misunderstands” how children use the internet.</p><p>But the communications minister, Anika Wells, said YouTube had a responsibility to keep its platform safe, calling its warnings “outright weird”.</p> <a href=""https://www.theguardian.com/australia-news/2025/dec/02/australian-children-moving-to-new-social-app-lemon8-but-owner-expected-to-restrict-users-to-over-16s"">Continue reading...</a>",real
"Victorian Labor to introduce stand-alone coercive control offence in backflip to match opposition policy <p><strong>Exclusive: </strong>Allan government acknowledges ‘more must be done’ and will introduce new offence despite insisting laws already protect against it</p><ul><li><p><a href=""https://www.theguardian.com/australia-news/live/2025/dec/03/australia-news-live-bruce-lehrmann-defamation-appeal-brittany-higgins-lisa-wilkinson-network-ten-senate-estimates-social-media-ban-esafety-commissioner-albanese-sussan-ley-labor-coalition-nsw-vic-qld-ntwnfb"">Follow our Australia news live blog for latest updates</a></p></li><li><p>Get our <a href=""https://www.theguardian.com/email-newsletters?CMP=cvau_sfl"">breaking news email</a>, <a href=""https://app.adjust.com/w4u7jx3"">free app</a> or <a href=""https://www.theguardian.com/australia-news/series/full-story?CMP=cvau_sfl"">daily news podcast</a></p></li></ul><p>The Victorian government will introduce a stand-alone coercive control offence in 2026, marking a major policy reversal after the <a href=""https://www.theguardian.com/australia-news/2025/nov/18/jess-wilson-victorian-liberal-party-who-is-new-opposition-leader-should-labor-be-worried"">new opposition leader, Jess Wilson</a>, made the reform her first election commitment.</p><p>Wilson last week announced she would create the offence within her first 100 days in office if the Coalition wins the election in November 2026.</p> <a href=""https://www.theguardian.com/australia-news/2025/dec/03/victoria-labor-allan-coercive-control-backflip-jess-wilson"">Continue reading...</a>",real
"Wednesday briefing: ​​Does the new ​U​S plan put ​Ukraine and ​Russia on the path to peace​? <p>In today’s newsletter: With US pressure mounting and Ukraine signalling cautious openness, Moscow continues to project military momentum</p><p></p><p>Good morning. On Tuesday, Vladimir Putin welcomed Donald Trump’s special envoy Steve Witkoff to Moscow for talks on ending the war on Ukraine, nearly four years after Russia launched its full-scale invasion.</p><p>The summit came amid intense diplomatic activity. Two weeks ago the US presented a 28-point peace plan to Kyiv that was widely seen as favourable to Moscow. Since then US and Ukrainian officials have met in Geneva and in Florida to rehash the plan. That revised offer was to form the basis of discussions at the summit.</p><p><em><strong>UK news </strong></em>| The families of those who died in the 1989 Hillsborough disaster have said it is a <a href=""https://www.theguardian.com/football/2025/dec/02/12-police-officers-would-have-faced-gross-misconduct-cases-over-hillsborough-says-watchdog"">“bitter injustice” that no police officer will ever be held accountable</a> for failings set out in the final report of the police watchdog after a 14-year investigation. The Independent Office for Police Conduct (IOPC) found that 12<strong> </strong>officers would have faced proceedings if they had not since retired.</p><p><em><strong>Royal family </strong></em>| The public accounts committee <a href=""https://www.theguardian.com/uk-news/2025/dec/02/crown-estate-inquiry-andrew-mansion-lease"">is to launch an inquiry</a> into the crown estate and its leases on properties to members of the royal family after questions over the letting of Royal Lodge to Andrew Mountbatten-Windsor.</p><p><em><strong>Justice </strong></em>| David Lammy <a href=""https://www.theguardian.com/politics/2025/dec/02/david-lammy-jury-trials-cuts-labour-mps-peers"">has been accused</a> of making a “massive mistake” by Labour MPs and peers after announcing radical plans to cut thousands of jury trials across England and Wales.</p><p><em><strong>Policing </strong></em>| A quarter of police forces in England and Wales are <a href=""https://www.theguardian.com/uk-news/2025/dec/02/quarter-of-police-forces-missing-basic-policies-on-sexual-offences-says-sarah-everard-report"">yet to implement</a> “basic policies for investigating sexual offences”, an official report has found.</p><p><em><strong>Gender </strong></em>| Trans girls will no longer be able to join Girlguiding, <a href=""https://www.theguardian.com/uk-news/2025/dec/02/trans-girls-banned-girlguiding-supreme-court"">the organisation has announced</a>, saying it has made the decision after seeking legal advice as a result of the supreme court ruling on gender earlier this year.</p> <a href=""https://www.theguardian.com/world/2025/dec/03/wednesday-briefing-does-the-new-us-plan-put-ukraine-and-russia-on-the-path-to-peace"">Continue reading...</a>",real
"Russia ‘ready’ for war with Europe, Putin says, as US peace talks end without progress <p>Kremlin aide says Ukraine crisis is no closer to resolution after Witkoff talks, as Russian president accuses European powers of sabotaging peace </p><p>Russia and the US did not make progress toward a peace deal for Ukraine during their talks, a senior aide to Vladimir Putin has said, hours after the Russian president issued threats that Russia was ready for war with Europe.</p><p>In remarks to Russian media, Kremlin aide Yuri Ushakov said that after a five-hour meeting with Trump envoy Steve Witkoff and Trump’s son-in-law Jared Kushner, the two sides were “neither further nor closer to resolving the crisis in Ukraine. There is a lot of work to be done.”</p> <a href=""https://www.theguardian.com/world/2025/dec/02/witkoff-in-moscow-for-talks-as-putin-claims-to-have-taken-key-ukrainian-city"">Continue reading...</a>",real
"Putin says Russia not seeking war with Europe but is ‘ready’ to fight amid peace talks – as it happened <p>This live blog is now closed.</p><ul><li><p><a href=""https://www.theguardian.com/world/2025/dec/02/witkoff-in-moscow-for-talks-as-putin-claims-to-have-taken-key-ukrainian-city"">Russia ‘ready’ for war with Europe, Putin says as peace talks with US begin</a></p></li></ul><p>In parallel to Witkoff’s meeting in Moscow, <strong>we will also follow Volodymyr Zelenskyy’s first visit to Ireland.</strong></p><p><strong>He has arrived in Dublin last night</strong>, and has a busy schedule today, paying a brief visit to the country’s new president <strong>Catherine Connolly</strong>, before meeting with key government figures including the taisoeach, <strong>Micheál Martin</strong>, and addressing both chambers of the Irish parliament in the afternoon.</p> <a href=""https://www.theguardian.com/world/live/2025/dec/02/ukraine-war-live-trump-peace-deal-witkoff-to-meet-putin"">Continue reading...</a>",real
"British military instructor arrested in Ukraine on suspicion of spying for Russia <p>Ross David Cutmore, from Dunfermline, was allegedly recruited to assist in assassinations on Ukrainian soil</p><p>Ukrainian authorities have arrested a British military instructor accused of spying for Russia and plotting assassinations.</p><p>Ross David Cutmore, 40, from Dunfermline, was allegedly recruited by Russia’s intelligence service, the FSB, to “carry out targeted killings on the territory of Ukraine” between 2024 and 2025.</p> <a href=""https://www.theguardian.com/world/2025/dec/02/british-military-instructor-arrested-ukraine-spying-russia"">Continue reading...</a>",real
"Production of French-German fighter jet threatened by rivalries, chief executive says <p>Relations between French company Dassault and the German unit of Airbus are reportedly ‘very strained’</p><p>The leaders of France and Germany have a “strong willingness” to build a new fighter jet together despite bitter internal rivalries, according to the chief executive of engine manufacturer Safran.</p><p>A <a href=""https://www.theguardian.com/commentisfree/2025/oct/08/eu-copenhagen-summit-defence-policy-ukraine-russia"">row over who should lead</a> between French aerospace company Dassault and the German unit of Airbus has threatened to break apart the countries’ efforts to make a next-generation fighter jet.</p> <a href=""https://www.theguardian.com/world/2025/dec/02/production-of-french-german-fighter-jet-threatened-by-rivalries-chief-executive-says"">Continue reading...</a>",real
"More than 200 leading cultural figures call for release of jailed Palestinian leader <p>Group including Margaret Atwood, Ian McKellen and Richard Branson sign open letter to free Marwan Barghouti</p><p>More than 200 leading cultural figures have come together to call for the release of Marwan Barghouti, the jailed Palestinian leader seen as capable of uniting factions and bringing the best hope to the stalled mission of creating a Palestinian state.</p><p>The prestigious and diverse group calling for his release in an open letter includes a variety of prominent names, including the writers Margaret Atwood, Philip Pullman, Zadie Smith and Annie Ernaux; actors Sir Ian McKellen, Benedict Cumberbatch, Tilda Swinton, Josh O’Connor and Mark Ruffalo, and the broadcaster and former footballer Gary Lineker.</p> <a href=""https://www.theguardian.com/world/2025/dec/03/leading-cultural-figures-call-for-release-jailed-palestinian-leader-marwan-barghouti"">Continue reading...</a>",real
"Iran sentences award-winning director Jafar Panahi to year in prison for ‘propaganda activities’ <p>Iranian film-maker won Cannes film festival’s Palme D’Or prize earlier this year for It Was Just an Accident</p><p>Iran has sentenced the Palme d’Or-winning film-maker Jafar Panahi in absentia to one year in prison and a travel ban over “propaganda activities” against the country.</p><p>The sentence includes a two-year ban on leaving Iran and prohibition of Panahi from membership of any political or social groups, his lawyer Mostafa Nili said, adding that they would file an appeal.</p> <a href=""https://www.theguardian.com/world/2025/dec/01/iran-sentences-award-winning-director-prison-jafar-panahi"">Continue reading...</a>",real
"Israeli settlers attack and rob Italian and Canadian volunteers in West Bank <p>Group beaten in early hours of morning in village where they volunteered to help protect Palestinians from settler violence</p><p>Italy and Canada have raised concerns about the treatment of their citizens who were beaten and robbed by Israeli settlers in the occupied <a href=""https://www.theguardian.com/world/west-bank"">West Bank</a>.</p><p>Three Italians and a Canadian were attacked early on Sunday morning in the village of Ein al-Duyuk, near Jericho, where they had volunteered to help protect the Palestinian population from intensifying settler violence.</p> <a href=""https://www.theguardian.com/world/2025/dec/01/italian-canadian-volunteers-beaten-robbed-israeli-settlers-west-bank"">Continue reading...</a>",real
"Sri Lanka braced for more damage after torrential rain kills hundreds across Asia <p>Meanwhile, Iran grapples with one of worst droughts and temperatures fall 10C below normal in US</p><p>More heavy rainfall is expected in Sri Lanka in the coming days, likely resulting in further damage across the country. It comes after <a href=""https://www.theguardian.com/world/2025/nov/30/indonesia-thailand-floods"">torrential rainfall in south-east Asia</a> triggered catastrophic flash floods and landslides that have affected millions, killing more than 300 people in Indonesia and 160 in Thailand, with hundreds more still missing.</p><p>Parts of North Sumatra, Indonesia, were hit with rainfall totals of 800mm over four days, with other areas also experiencing heavy rainfall.</p> <a href=""https://www.theguardian.com/environment/2025/dec/01/sri-lanka-braced-for-more-damage-after-torrential-rain-floods-kills-hundreds-across-asia"">Continue reading...</a>",real
"‘I have been defeated’: hundreds of Palestinians face eviction from East Jerusalem <p>Residents in Batn al-Hawa have all but given up hope and blame the Gaza war which, they say, has created ‘an atmosphere of hate’ towards them</p><p>The dome of the al-Aqsa mosque gleamed in the late afternoon autumnal sun as Zohair Rajabi looked out from his balcony towards the skyline of Jerusalem’s Old City. Christian pilgrims spilled out of buses, while observant Jewish worshippers gathered outside the gate to the Western Wall.</p><p>New flags now fly a few metres from Rajabi’s home. Blue and white and bearing the Star of David, they mark where residents <a href=""https://www.haaretz.com/israel-news/2025-11-09/ty-article/.premium/two-palestinian-families-evicted-from-their-homes-in-east-jerusalems-silwan/0000019a-6a02-dece-a1fe-7fe7f73d0000"">were evicted recently</a> from their homes by Israeli police. After more than 20 years of activism, Rajabi knows his days in Batn al-Hawa, a predominantly Palestinian neighbourhood less than a mile south of the Old City, are almost certainly numbered.</p> <a href=""https://www.theguardian.com/world/2025/dec/01/i-have-been-defeated-hundreds-of-palestinians-face-eviction-from-east-jerusalem"">Continue reading...</a>",real
"Indian order to preload state-owned app on smartphones sparks political outcry <p>Apple among big tech companies reportedly refusing to install Sanchar Saathi cybersecurity app on their devices</p><p>A political outcry has erupted in India after the government mandated large technology companies to install a state-owned app on smartphones that has led to surveillance fears among opposition MPs and activists.</p><p>Manufacturers including Apple, Samsung and Xiomi have 90 days to comply with the order to preload the government’s Sanchar Saathi, or Communication Partner, on every phone in India.</p> <a href=""https://www.theguardian.com/world/2025/dec/02/indian-order-preload-state-owned-sanchar-saathi-app-smartphones-political-outcry"">Continue reading...</a>",real
"‘We have to rebuild from scratch’: Sri Lankans relive the devastation of Cyclone Ditwah <p>Many uncertain about the future after losing everything in the country’s deadliest natural disaster for years</p><p>When the rains began, Layani Rasika Niroshani was not worried. The 36-year-old mother of two was used to the heavy monsoon showers that drench <a href=""https://www.theguardian.com/world/srilanka"">Sri Lanka</a>’s hilly central region of Badulla every year. But as it kept pounding down without stopping, the family started to feel jittery.</p><p>Some relocated to a relative’s house, but her brother and his wife decided to stay behind to collect the valuables. As they were inside, a landslide hit the family home.</p> <a href=""https://www.theguardian.com/world/2025/dec/02/we-were-all-very-scared-sri-lankans-relive-the-devastation-of-cyclone-ditwah"">Continue reading...</a>",real
"India orders phone makers to preload devices with state-owned cyber safety app <p>Critics voice concern as government says its Sanchar Saathi app combats cybersecurity threats for 1.2bn telecom users</p><p>India’s telecoms ministry has privately asked smartphone makers to preload all new devices with a state-owned cybersecurity app that cannot be deleted, a government order showed, a move likely to antagonise Apple and privacy advocates.</p><p>In tackling a recent surge of cybercrime and hacking, India is joining authorities worldwide, most recently in Russia, to frame rules blocking the use of stolen phones for fraud or promoting state-backed government service apps.</p> <a href=""https://www.theguardian.com/technology/2025/dec/01/india-phone-sanchar-saathi-app-cybersecurity"">Continue reading...</a>",real
"Bangladesh court sentences UK MP Tulip Siddiq to two years in prison in absentia <p>MP for Hampstead and Highgate in London denies allegations and condemns ‘flawed and farcical’ trial</p><ul><li><p><a href=""https://www.theguardian.com/world/2025/dec/01/what-led-to-bangladesh-trial-of-former-uk-minister-tulip-siddiq"">What led to Bangladesh trial of Tulip Siddiq in her absence?</a></p></li></ul><p>A court in Bangladesh has sentenced the British MP Tulip Siddiq to two years in jail after a judge ruled she was complicit in corrupt land deals with her aunt, the country’s deposed prime minister Sheikh Hasina.</p><p>In a ruling on Monday, a judge found Siddiq, the Labour MP for Hampstead and Highgate, guilty of misusing her “special influence” as a British politician to coerce Hasina into giving valuable pieces of land to her mother, brother and sister.</p> <a href=""https://www.theguardian.com/world/2025/dec/01/bangladesh-court-sentences-uk-mp-tulip-siddiq-to-two-years-prison-in-absentia"">Continue reading...</a>",real
"Death toll passes 1,100 in devastating floods across Indonesia, Sri Lanka, Malaysia and Thailand – as it happened <p>This blog is now closed.</p><ul><li><p><a href=""https://www.theguardian.com/world/2025/dec/01/asia-flood-sri-lanka-indonesia-deploy-military"">Full report: Sri Lanka and Indonesia deploy militaries as Asia floods death toll passes 1,100</a></p></li><li><p><a href=""https://www.theguardian.com/world/2025/dec/01/asia-floods-visual-guide-flooding-extreme-weather-cyclones-monsoon"">How cyclones and monsoon rains combined to devastate parts of Asia – visual guide</a></p></li></ul><p>Cyclone Ditwah, which unleashed catastrophic flooding and landslides across Sri Lanka, has brought heavy rain to India’s southern state of <strong>Tamil Nadu</strong>.</p><p>The storm, now about 30 miles off the coast of the city of <strong>Chennai</strong>, the state capital, has weakened into a “deep depression”, according to weather officials, who expect it to weaken even further across the day.</p> <a href=""https://www.theguardian.com/world/live/2025/dec/01/death-toll-floods-indonesia-sri-lanka-malaysia-thailand-latest-updates-news-live"">Continue reading...</a>",real
"Final Hillsborough report provides closure but not consequences <p>Failings of legal system mean 97 people were unlawfully killed, but no one will be held accountable</p><p>When the Independent Office for Police Conduct <a href=""https://www.theguardian.com/football/2025/dec/02/12-police-officers-would-have-faced-gross-misconduct-cases-over-hillsborough-says-watchdog"">published the final report</a> on its mammoth investigation into the Hillsborough disaster, the response from bereaved families and survivors was conflicted.</p><p>Some of the IOPC’s findings could be regarded as historic, in particular that 12 former officers would have had cases to answer for gross misconduct, including Peter Wright, the chief constable of South Yorkshire police at the time of the 1989 disaster.</p> <a href=""https://www.theguardian.com/uk-news/2025/dec/03/hillsborough-disaster-report-closure-not-consequences"">Continue reading...</a>",real
"Tesla privately warned UK that weakening EV rules would hit sales <p>Elon Musk-owned electric carmaker also called for support for the secondhand market, documents reveal</p><ul><li><p><a href=""https://www.theguardian.com/business/live/2025/dec/02/ai-valuations-risk-financial-stability-bank-of-england-stock-markets-house-prices-business-live-news-updates"">Business live – latest updates</a></p></li></ul><p>Tesla privately warned the UK government that weakening electric vehicle rules would hit battery car sales and risk the country missing its carbon dioxide targets, according to newly revealed documents.</p><p>The US electric carmaker, run by Elon Musk, also called for “support for the used-car market”, according to submissions to a government consultation earlier this year obtained by the <a href=""https://www.fastcharge.email/"">Fast Charge,</a> a newsletter covering electric cars.</p> <a href=""https://www.theguardian.com/technology/2025/dec/03/tesla-uk-ev-rules-sales-elon-musk-electric-car"">Continue reading...</a>",real
"National Trust launches fundraiser to help buy land around Cerne Giant <p>Deal expected to pave way for further scientific study, boost conservation and open up access to Dorset chalk figure</p><p>The mystery of when, how and – perhaps most importantly – why a giant naked figure was carved into a dizzyingly steep hillside in the English West Country has been a source of wonder and intrigue for centuries.</p><p>Future generations may come closer to solving the puzzle of the <a href=""https://www.nationaltrust.org.uk/visit/dorset/cerne-giant"">Cerne Giant</a> after the National Trust stepped in to buy 340 acres of land around the 55-metre (180ft) figure.</p> <a href=""https://www.theguardian.com/uk-news/2025/dec/03/national-trust-fundraiser-land-around-cerne-giant-dorset"">Continue reading...</a>",real
"Numbers leaving A&E without treatment triples in six years <p>Soaring demand has led to ‘shocking’ rise in untreated patients leaving NHS emergency departments in England, data shows</p><p>The number of people in England walking out of A&amp;E without treatment has tripled in the past six years, new figures show.</p><p>Analysis of NHS data by the Royal College of Nursing shows soaring demand for urgent hospital care and long waits has led to what it describes as a “shocking” rise in the number of patients leaving emergency departments untreated.</p> <a href=""https://www.theguardian.com/society/2025/dec/03/numbers-leaving-ae-without-treatment-triples-in-six-years"">Continue reading...</a>",real
"Quality of migraine care dependent on ethnicity, UK survey finds <p>Ethnic minority people more likely to experience poor treatment and even racism, Migraine Trust research shows</p><p>People from ethnic minority backgrounds are more likely to experience worse migraine care and to fear discrimination because of their condition, a survey by a leading UK charity has found.</p><p>Migraines are characterised by a severe headache, alongside other symptoms including dizziness, numbness and vision problems. About one in seven people in the UK are affected by the condition.</p> <a href=""https://www.theguardian.com/society/2025/dec/03/quality-of-migraine-care-dependent-on-ethnicity-uk-survey-finds"">Continue reading...</a>",real
"Republican Matt Van Epps wins US House special election in Tennessee <p>Van Epps defeats Aftyn Behn in congressional election closely watched for signs of Republican weakness</p><p>Republican Matt Van Epps defeated Democrat Aftyn Behn in a <a href=""https://www.theguardian.com/us-news/2025/dec/01/tennessee-democrats-congressional-race"">congressional special election</a> in the western Nashville suburbs, which was being closely watched for signs of Republican weakness going into congressional midterms next year.</p><p>The Associated Press called the race at 9.47 EST with Van Epps holding a 52% to 46% lead.</p> <a href=""https://www.theguardian.com/us-news/2025/dec/02/tennessee-special-election"">Continue reading...</a>",real
"Trump administration pauses all immigration applications from 19 non-European countries <p>Pause, including Afghanistan and Somalia, indicates plan to tie US security to increased focus on legal immigration</p><p>The <a href=""https://www.theguardian.com/us-news/trump-administration"">Trump administration</a> on Tuesday said it had paused all immigration applications, including green card and US citizenship processing, filed by immigrants from 19 non-European countries, citing concerns over national security and public safety.</p><p>The pause applies to people from 19 countries that were already subjected to a partial travel ban in June, placing further restrictions on immigration – a core feature of <a href=""https://www.theguardian.com/us-news/donaldtrump"">Donald Trump</a>’s political platform.</p> <a href=""https://www.theguardian.com/us-news/2025/dec/02/trump-administration-pause-immigration"">Continue reading...</a>",real
"Trump claims to void all documents signed by Biden, citing autopen use <p>Presidents of both major parties have used the device and experts called into question legality of Trump’s move </p><p><a href=""https://www.theguardian.com/us-news/donaldtrump"">Donald Trump</a> said on Tuesday he is terminating all documents, including pardons, that he said his predecessor <a href=""https://www.theguardian.com/us-news/joebiden"">Joe Biden</a> signed using an autopen – an unprecedented attempt to rollback a previous president’s actions using what legal thinkers view as a flimsy pretext.</p><p>The autopen is a device used to replicate a person’s signature with precision, typically for high-volume or ceremonial documents. It has been employed by presidents of both major parties to sign letters and proclamations.</p> <a href=""https://www.theguardian.com/us-news/2025/dec/02/trump-biden-autopen-pardons"">Continue reading...</a>",real
"‘Iconic swamp king’: San Francisco’s beloved albino alligator dies aged 30 <p>Claude, the de facto mascot for a local museum, was the subject of a children’s book and regularly received fan mail</p><p>Claude, the beloved albino alligator who called the California Academy of Sciences home for the better part of two decades, has died at age 30.</p><p>The San Francisco museum announced his death on Tuesday and said that the reptile had in recent weeks received treatment for a “suspected infection”. Claude, with his unusual white scales, had become a sort of mascot for the academy and the city. He was the subject of a children’s book and regularly received fan mail and gifts from around the world, the museum said.</p> <a href=""https://www.theguardian.com/us-news/2025/dec/02/san-francisco-claude-albino-alligator"">Continue reading...</a>",real
"San Francisco sues food giants over ultra-processed products <p>City argues corporations profit while communities bear the cost of diseases linked to ultra-processed foods</p><p>San Francisco filed the nation’s first government lawsuit against food manufacturers over <a href=""https://www.theguardian.com/society/ultra-processed-foods"">ultra-processed foods</a> (UPFs) on Tuesday, arguing that local governments have been shouldering the costs of treating diseases that stem from public consumption of the companies’ products.</p><p>The city’s attorney, David Chiu, sued 10 corporations that create some of the country’s most popular food and drinks, from chicken nuggets and frozen pizzas to potato chips and sugary breakfast cereals – but also foods like breads and granola bars that are marketed as “healthy”.</p> <a href=""https://www.theguardian.com/society/2025/dec/02/ultra-processed-foods-lawsuit-san-francisco"">Continue reading...</a>",real
"Martial law: Year after South Korea imposed it, where else is it in force? From Ukraine to Myanmar to Burkina Faso, Al Jazeera examines martial law and the impact on civilians.",real
"LIVE: Israeli forces kill 357 Palestinians in 50 days of ceasefire in Gaza Children, photojournalist among Palestinians killed by Israeli forces across Gaza and the occupied West Bank.",real
Sabrina Carpenter condemns ‘evil’ use of her music in White House video Publisher of beloved children’s character Franklin the Turtle also disavowed the Trump administration&#039;s use of artwork.,real
Africa’s oldest leaders are governing the world’s youngest populations Africa’s youngest citizens are ruled by leaders in their 80s and 90s. Some are reshaping the system to hold on to power.,real
Trump says he has revoked Biden’s autopen pardons: But can he do it? Legal experts say there is no basis in the US Constitution for a president to revoke pardons.,real
"Venezuela denounces US-ordered ‘forced sale’ of oil company Citgo A Delaware judge has ordered the sale to settle debts, as Venezuela says US military buildup is targeting its oil.",real
"Colombia’s Petro invites Trump to cocaine lab demolition amid attack threat Colombian president chides Trump, saying 18,400 cocaine laboratories have been destroyed &#039;without missiles&#039; fired.",real
US defence chief says he did not see survivors before follow-up boat strike US Secretary of Defense Peter Hegseth defends controversial second strike on alleged drug boat in the Caribbean Sea.,real
Trump administration threatens to withhold food assistance from 21 states The threat comes as the federal government seeks to enforce a demand that states turn over data about SNAP recipients.,real
"Trump and Lula hold phone call to discuss US tariffs on Brazil, sanctions US president has warmed to Brazil&#039;s left-wing leader since imposing 50 percent tariffs on the South American country.",real
"Russia-Ukraine war: List of key events, day 1,378 These are the key developments from day 1,378 of Russia’s war on Ukraine.",real
"US Justice Department seeks to dismiss lawsuit over Maurene Comey’s firing Comey alleges that the Trump administration fired her for political reasons, including her family ties to James Comey.",real
Ilhan Omar denounces Donald Trump for calling Somali immigrants ‘garbage’ Congresswoman Omar calls Trump&#039;s comments about her &#039;creepy&#039; after the US president launches into an anti-Somali tirade.,real
‘No compromise’ on territory after Ukraine talks with US: Russian official Comments come after long meeting between Russian President Vladimir Putin and two senior US officials in Moscow.,real
"Honduras election council member accuses colleague of ‘intimidation’ Cossette Lopez-Osorio, a member of the right-wing National Party, denounced her left-wing colleague Marlon Ochoa.",real
"Barcelona extend lead at top of La Liga with 3-1 win over Atletico Madrid Barca recover from a goal down to win, with strikes from Raphinha, Dani Olmo and Ferran Torres.",real
Can former colonial powers be held accountable for past atrocities? Algerian Foreign Minister Ahmed Attaf said Algeria&#039;s experience under French rule highlighted the need for compensation.,real
"‘Antisemite of the Year’: Pro-Israel group slams kids’ YouTuber Ms. Rachel Kids’ Youtuber Rachel Accurso, known as Ms. Rachel, has been nominated for ‘Antisemite of the Year’ by StopAntisemitism.",real
"Putin meets with Witkoff, Kushner to discuss Ukraine peace plan Russian President Vladimir Putin met with US envoy Steve Witkoff to discuss the Ukraine peace effort.",real
"Report finds widespread police failings over UK’s Hillsborough disaster After the latest probe, families who lost relatives in the 1989 football stadium crush say they will never get justice.",real
"Politician Ayachi Hammami latest arrest in Tunisia opposition crackdown Tunisia opposition says charges are fabricated, as police enforce a five-year prison sentence.",real
Hegseth vows more boat strikes amid accusations he broke the law US Secretary of Defense Pete Hegseth is vowing to continue military strikes on vessels in the Caribbean Sea.,real
"Rahmanullah Lakanwal pleads not guilty in US National Guard shooting Judge orders suspected attacker held without bond after fatal shooting in Washington, DC caused &#039;sheer terror&#039;.",real
"OECD warns tariffs, AI will test resilience of the global economy The organisation warns that President Donald Trump has put US fiscal policy on an unsustainable trajectory.",real
Is this the end of the internet? This episode of The Stream asks: Is the internet as we know it on its way out?,real
Palestinians Stream Back to Northern Gaza on Foot Israel allowed displaced Gazans to begin crossing a military zone that bisects the enclave after a deadlock over hostage releases was broken.,real
"Leading China Property Developer Reports Huge loss, in Sign of Widening Real-Estate Woes Troubles at Vanke raise questions about the continued spread of the property crisis and whether the Chinese state will step in.",real
"Freed Israeli Hostages Still Had Shrapnel in Their Bodies From Oct. 7 Attack Some of the women were held alone for extended periods and spent eight months in tunnels, an Israeli medical official said.",real
Suspected Sabotage of Deep-Sea Cable Triggers First NATO-Led Response The alliance mounted its first coordinated response to a suspected sabotage campaign against critical infrastructure after another cable was severed in the Baltic Sea.,real
Rwanda-Backed Rebels Enter Congo's Safe-Haven City Residents of Goma reported gunfire and shelling after rebels overran Congolese troops. U.N. officials estimated that more than one million displaced people were now inside the city.,real
Cocaine-Funded Gangs Shake Colombia Years After Peace Pact Attacks by powerful militias against civilians reflect the state’s inaction eight years after a peace accord removed a powerful rebel group from the field.,real
"Italy Supports Saudi Arabia Joining Fighter-Jet Program, PM Meloni Says The U.K., Italy and Japan have already partnered on the Global Combat Air Programme, which aims to put a new stealth fighter with supersonic capability in the skies by 2035.",real
Shippers Wary of Red Sea Routes Despite Houthi Pledge to End Targeting The world’s top three container operators said they fear instability in Gaza and broader regional tensions mean continued danger.,real
"Kim Jong Un Is Doing Everything He Can to Keep North Korea's Youth in Line The dictator, eager to shut out the influence of Hollywood and K-pop, has been exalting a “shock brigade” of 300,000 teens and 20-somethings drafted into flood reconstruction.",real
"Trump Says Colombia Will Accept Deportees, Ending Tariff Standoff The president has made immigration an early priority to start second term, with ICE making more than 900 arrests Sunday.",real
"Jeju Air Crash Probe Focuses On Engine Damage After Bird Strike Pilots’ actions after that strike are an early focus of the investigation, according to people familiar with the probe.",real
"Germany's Economic Model Is Broken, and No One Has a Plan B The country is focused on exports, but China is slowing imports and U.S. tariff threats are growing. Politicians are offering few alternatives.",real
"Trump Says He Wants to 'Clean Out' Gaza, Send Refugees to Egypt and Jordan The president, calling the heavily bombed enclave “a demolition site,” proposed relocating Palestinians temporarily or long-term, a move rejected by Arab countries since the war began.",real
"Hamas Releases Four Female Israeli Soldiers Under Gaza Cease-Fire Deal The hostages are the second set to be released since the multiphase agreement came into effect, raising hopes for a lasting end to the war.",real
"Hamas Took More Than 200 Hostages From Israel. Here's What We Know. Israel says 91 hostages abducted on Oct. 7 remain in captivity, including the bodies of at least 34.",real
"U.N. and Congolese Troops Struggle to Halt Lightning Rebel Attack Aid workers estimate as many as 300,000 people are fleeing advances by the Rwandan-backed M23 rebel group, which has taken two strategic towns on the approaches to Goma over the past several days.",real
"Who Are the Israeli Hostages Released by Hamas? Israelis held their breath as four soldiers, all women, were released from the Gaza Strip, the second group to be freed as part of a fragile cease-fire agreement with Hamas.",real
The Latest Gaza Hostages Freed: Women Whose Hamas Warnings Were Ignored The swap for four soldiers stationed on the border of the Gaza Strip at Nahal Oz follows 15 months of captivity and a campaign by their families.,real
"Beijing Signals Readiness to Talk to Trump's Team, Even Old Foes The Chinese foreign minister spoke by phone with Marco Rubio, the new secretary of state who has been a critic of Beijing.",real
"Canada Is Becoming a Fentanyl Exporter, and a Target for Trump The drug is increasingly manufactured in and trafficked from the U.S.’s northern neighbor, though the numbers remain small compared with Mexico.",real
